{
"lengthUnit": "mil",
"components": {
	"fields": ["COMPONENT_NO", "COMPONENT_NAME", "LAYER", "X_COORDINATE", "Y_COORDINATE", "ANGLE"],
	"rows": [
		[1, "BTN", "T", 360, -573.75, 270],
		[2, "C1", "B", 246, -266, 90],
		[3, "C2", "B", -220, -262, 90],
		[4, "C3", "T", -318, 454, 90],
		[5, "C5", "T", -228, -606, 90],
		[6, "D1", "T", 32, -244, 180],
		[7, "D2", "T", -66, -244, 0],
		[8, "D3", "T", 108, -238, 270],
		[9, "D4", "T", 220, -330, 180],
		[10, "LED", "T", 2.5, -86, 90],
		[11, "R1", "T", 66, -318, 270],
		[12, "R2", "T", -68, -318, 90],
		[13, "R3", "T", -170, -204, 180],
		[14, "R4", "T", -170, -154, 0],
		[15, "R5", "T", -228, -504, 90],
		[16, "RST", "T", -352.76, -573.75, 90],
		[17, "U1", "T", 2.5, 285, 0],
		[18, "U2", "B", 2.11, -201.86, 90],
		[19, "USB", "T", 2.5, -500, 0],
		[20, "X1", "B", -447, 5, 270],
		[21, "X2", "B", 453, 5, 270]
	]
},
"pins": {
	"fields": ["PIN_NO", "PIN_NAME", "PIN_X", "PIN_Y", "LAYER", "PIN_TYPE", "NET_NAME", "NET_TYPE", "PAD_SHAPE", "PAD_SIZEX", "PAD_SIZEY", "HOLE_SIZE", "PAD_ANGLE"],
	"rows": [
		[1, "BTN_1", 390.51, -483.2, "T", "SMD", "GND", "GND", "R", 35.43, 47.24, 0, 270],
		[2, "BTN_2", 390.51, -664.3, "T", "SMD", "GND", "GND", "R", 35.43, 47.24, 0, 90],
		[3, "BTN_3", 329.49, -507.81, "T", "SMD", "BTN", "", "R", 47.24, 51.18, 0, 90],
		[4, "BTN_4", 329.49, -639.7, "T", "SMD", "GND", "GND", "R", 47.24, 51.18, 0, 90],
		[5, "C1_1", 246, -332.39, "B", "SMD", "5V", "", "R", 69.19, 51.02, 0, 270],
		[6, "C1_2", 246, -199.61, "B", "SMD", "GND", "GND", "R", 69.19, 51.02, 0, 270],
		[7, "C2_1", -220, -335.25, "B", "SMD", "3V3", "", "R", 59.3, 93.54, 0, 270],
		[8, "C2_2", -220, -188.75, "B", "SMD", "GND", "GND", "R", 59.3, 93.54, 0, 270],
		[9, "C3_1", -318, 432.54, "T", "SMD", "3V3", "", "R", 31.11, 21.26, 0, 90],
		[10, "C3_2", -318, 475.46, "T", "SMD", "GND", "GND", "R", 31.11, 21.26, 0, 90],
		[11, "C5_1", -228, -627.46, "T", "SMD", "GND", "GND", "R", 31.11, 21.26, 0, 90],
		[12, "C5_2", -228, -584.54, "T", "SMD", "RST", "", "R", 31.11, 21.26, 0, 90],
		[13, "D1_1", 61.52, -244, "T", "SMD", "GND", "GND", "R", 23.62, 15.75, 0, 180],
		[14, "D1_2", 2.48, -244, "T", "SMD", "DP", "", "R", 23.62, 15.75, 0, 0],
		[15, "D2_1", -95.52, -244, "T", "SMD", "GND", "GND", "R", 23.62, 15.75, 0, 0],
		[16, "D2_2", -36.48, -244, "T", "SMD", "DN", "", "R", 23.62, 15.75, 0, 180],
		[17, "D3_1", 108, -208.47, "T", "SMD", "GND", "GND", "R", 23.62, 15.75, 0, 270],
		[18, "D3_2", 108, -267.53, "T", "SMD", "5V_USB", "", "R", 23.62, 15.75, 0, 90],
		[19, "D4_1", 284.37, -330, "T", "SMD", "5V", "", "R", 35.83, 48.03, 0, 180],
		[20, "D4_2", 155.63, -330, "T", "SMD", "5V_USB", "", "R", 35.83, 48.03, 0, 180],
		[21, "LED_1", 20.22, -115.53, "T", "SMD", "GND", "GND", "R", 31.5, 25.59, 0, 270],
		[22, "LED_2", 20.22, -56.47, "T", "SMD", "$1N6805", "", "R", 31.5, 25.59, 0, 270],
		[23, "LED_3", -15.22, -56.47, "T", "SMD", "5V", "", "R", 31.5, 25.59, 0, 270],
		[24, "LED_4", -15.22, -115.53, "T", "SMD", "LED_4", "", "R", 31.5, 25.59, 0, 270],
		[25, "R1_1", 66, -300.96, "T", "SMD", "GND", "GND", "R", 22.27, 21.26, 0, 270],
		[26, "R1_2", 66, -335.04, "T", "SMD", "$1N3670", "", "R", 22.27, 21.26, 0, 270],
		[27, "R2_1", -68, -335.04, "T", "SMD", "$1N3872", "", "R", 22.27, 21.26, 0, 90],
		[28, "R2_2", -68, -300.96, "T", "SMD", "GND", "GND", "R", 22.27, 21.26, 0, 90],
		[29, "R3_1", -152.96, -204, "T", "SMD", "WLED", "", "R", 22.27, 21.26, 0, 180],
		[30, "R3_2", -187.04, -204, "T", "SMD", "3V3", "", "R", 22.27, 21.26, 0, 180],
		[31, "R4_1", -187.04, -154, "T", "SMD", "$1N6805", "", "R", 22.27, 21.26, 0, 0],
		[32, "R4_2", -152.96, -154, "T", "SMD", "WLED", "", "R", 22.27, 21.26, 0, 0],
		[33, "R5_1", -228, -521.04, "T", "SMD", "RST", "", "R", 22.27, 21.26, 0, 90],
		[34, "R5_2", -228, -486.96, "T", "SMD", "3V3", "", "R", 22.27, 21.26, 0, 90],
		[35, "RST_1", -383.27, -664.3, "T", "SMD", "GND", "GND", "R", 35.43, 47.24, 0, 90],
		[36, "RST_2", -383.27, -483.2, "T", "SMD", "GND", "GND", "R", 35.43, 47.24, 0, 270],
		[37, "RST_3", -322.25, -639.69, "T", "SMD", "RST", "", "R", 47.24, 51.18, 0, 270],
		[38, "RST_4", -322.25, -507.8, "T", "SMD", "GND", "GND", "R", 47.24, 51.18, 0, 270],
		[39, "U1_1", -229.78, 441.5, "T", "SMD", "GND", "GND", "R", 31.5, 15.75, 0, 0],
		[40, "U1_2", -229.78, 410, "T", "SMD", "GND", "GND", "R", 31.5, 15.75, 0, 0],
		[41, "U1_3", -229.78, 378.5, "T", "SMD", "3V3", "", "R", 31.5, 15.75, 0, 0],
		[42, "U1_4", -229.78, 347.01, "T", "SMD", "U1_4", "", "R", 31.5, 15.75, 0, 0],
		[43, "U1_5", -229.78, 315.51, "T", "SMD", "U1_5", "", "R", 31.5, 15.75, 0, 0],
		[44, "U1_6", -229.78, 284.02, "T", "SMD", "U1_6", "", "R", 31.5, 15.75, 0, 0],
		[45, "U1_7", -229.78, 252.52, "T", "SMD", "U1_7", "", "R", 31.5, 15.75, 0, 0],
		[46, "U1_8", -229.78, 221.02, "T", "SMD", "RST", "", "R", 31.5, 15.75, 0, 0],
		[47, "U1_9", -229.78, 189.53, "T", "SMD", "4", "", "R", 31.5, 15.75, 0, 0],
		[48, "U1_10", -229.78, 158.03, "T", "SMD", "5", "", "R", 31.5, 15.75, 0, 0],
		[49, "U1_11", -229.78, 126.53, "T", "SMD", "GND", "GND", "R", 31.5, 15.75, 0, 0],
		[50, "U1_12", -186.47, 92.09, "T", "SMD", "0", "", "R", 31.5, 15.75, 0, 270],
		[51, "U1_13", -154.98, 92.09, "T", "SMD", "1", "", "R", 31.5, 15.75, 0, 270],
		[52, "U1_14", -123.48, 92.09, "T", "SMD", "GND", "GND", "R", 31.5, 15.75, 0, 270],
		[53, "U1_15", -91.98, 92.09, "T", "SMD", "6", "", "R", 31.5, 15.75, 0, 270],
		[54, "U1_16", -60.49, 92.09, "T", "SMD", "7", "", "R", 31.5, 15.75, 0, 270],
		[55, "U1_17", -28.99, 92.09, "T", "SMD", "DN", "", "R", 31.5, 15.75, 0, 270],
		[56, "U1_18", 2.5, 92.09, "T", "SMD", "DP", "", "R", 31.5, 15.75, 0, 270],
		[57, "U1_19", 34, 92.09, "T", "SMD", "U1_19", "", "R", 31.5, 15.75, 0, 270],
		[58, "U1_20", 65.5, 92.09, "T", "SMD", "U1_20", "", "R", 31.5, 15.75, 0, 270],
		[59, "U1_21", 96.99, 92.09, "T", "SMD", "U1_21", "", "R", 31.5, 15.75, 0, 270],
		[60, "U1_22", 128.49, 92.09, "T", "SMD", "WLED", "", "R", 31.5, 15.75, 0, 270],
		[61, "U1_23", 159.99, 92.09, "T", "SMD", "BTN", "", "R", 31.5, 15.75, 0, 270],
		[62, "U1_24", 191.48, 92.09, "T", "SMD", "18", "", "R", 31.5, 15.75, 0, 270],
		[63, "U1_25", 234.79, 126.53, "T", "SMD", "19", "", "R", 31.5, 15.75, 0, 0],
		[64, "U1_26", 234.79, 158.03, "T", "SMD", "U1_26", "", "R", 31.5, 15.75, 0, 0],
		[65, "U1_27", 234.79, 189.53, "T", "SMD", "U1_27", "", "R", 31.5, 15.75, 0, 0],
		[66, "U1_28", 234.79, 221.02, "T", "SMD", "22", "", "R", 31.5, 15.75, 0, 0],
		[67, "U1_29", 234.79, 252.52, "T", "SMD", "23", "", "R", 31.5, 15.75, 0, 0],
		[68, "U1_30", 234.79, 284.01, "T", "SMD", "RX0", "", "R", 31.5, 15.75, 0, 0],
		[69, "U1_31", 234.79, 315.51, "T", "SMD", "TX0", "", "R", 31.5, 15.75, 0, 0],
		[70, "U1_32", 234.79, 347.01, "T", "SMD", "U1_32", "", "R", 31.5, 15.75, 0, 0],
		[71, "U1_33", 234.79, 378.5, "T", "SMD", "U1_33", "", "R", 31.5, 15.75, 0, 0],
		[72, "U1_34", 234.79, 410, "T", "SMD", "U1_34", "", "R", 31.5, 15.75, 0, 0],
		[73, "U1_35", 234.79, 441.5, "T", "SMD", "U1_35", "", "R", 31.5, 15.75, 0, 0],
		[74, "U1_36", 191.48, 477.91, "T", "SMD", "GND", "GND", "R", 31.5, 15.75, 0, 270],
		[75, "U1_37", 159.99, 477.91, "T", "SMD", "GND", "GND", "R", 31.5, 15.75, 0, 270],
		[76, "U1_38", 128.49, 477.91, "T", "SMD", "GND", "GND", "R", 31.5, 15.75, 0, 270],
		[77, "U1_39", 96.99, 477.91, "T", "SMD", "GND", "GND", "R", 31.5, 15.75, 0, 270],
		[78, "U1_40", 65.5, 477.91, "T", "SMD", "GND", "GND", "R", 31.5, 15.75, 0, 270],
		[79, "U1_41", 34, 477.91, "T", "SMD", "GND", "GND", "R", 31.5, 15.75, 0, 270],
		[80, "U1_42", 2.51, 477.91, "T", "SMD", "GND", "GND", "R", 31.5, 15.75, 0, 270],
		[81, "U1_43", -28.99, 477.91, "T", "SMD", "GND", "GND", "R", 31.5, 15.75, 0, 270],
		[82, "U1_44", -60.49, 477.91, "T", "SMD", "GND", "GND", "R", 31.5, 15.75, 0, 270],
		[83, "U1_45", -91.98, 477.91, "T", "SMD", "GND", "GND", "R", 31.5, 15.75, 0, 270],
		[84, "U1_46", -123.48, 477.91, "T", "SMD", "GND", "GND", "R", 31.5, 15.75, 0, 270],
		[85, "U1_47", -154.97, 477.91, "T", "SMD", "GND", "GND", "R", 31.5, 15.75, 0, 270],
		[86, "U1_48", -186.47, 477.91, "T", "SMD", "GND", "GND", "R", 31.5, 15.75, 0, 270],
		[87, "U1_49", 3.49, 286.97, "T", "SMD", "GND", "GND", "R", 57.09, 57.09, 0, 0],
		[88, "U1_49", -67.38, 286.97, "T", "SMD", "GND", "GND", "R", 57.09, 57.09, 0, 0],
		[89, "U1_49", -67.38, 357.84, "T", "SMD", "GND", "GND", "R", 57.09, 57.09, 0, 0],
		[90, "U1_49", 3.49, 357.84, "T", "SMD", "GND", "GND", "R", 57.09, 57.09, 0, 0],
		[91, "U1_49", 74.35, 357.84, "T", "SMD", "GND", "GND", "R", 57.09, 57.09, 0, 0],
		[92, "U1_49", 74.35, 286.97, "T", "SMD", "GND", "GND", "R", 57.09, 57.09, 0, 0],
		[93, "U1_49", -67.38, 216.11, "T", "SMD", "GND", "GND", "R", 57.09, 57.09, 0, 0],
		[94, "U1_49", 3.49, 216.11, "T", "SMD", "GND", "GND", "R", 57.09, 57.09, 0, 0],
		[95, "U1_49", 74.35, 216.11, "T", "SMD", "GND", "GND", "R", 57.09, 57.09, 0, 0],
		[96, "U1_50", 236.76, 479.88, "T", "SMD", "GND", "GND", "R", 27.56, 27.56, 0, 0],
		[97, "U1_51", 236.76, 90.12, "T", "SMD", "GND", "GND", "R", 27.56, 27.56, 0, 0],
		[98, "U1_52", -231.75, 90.12, "T", "SMD", "GND", "GND", "R", 27.56, 27.56, 0, 0],
		[99, "U1_53", -231.75, 479.88, "T", "SMD", "GND", "GND", "R", 27.56, 27.56, 0, 0],
		[100, "U2_1", -88.44, -84.94, "B", "SMD", "GND", "GND", "R", 98.42, 43.31, 0, 90],
		[101, "U2_2", 2.11, -84.94, "B", "SMD", "3V3", "", "R", 98.42, 43.31, 0, 90],
		[102, "U2_3", 92.66, -84.94, "B", "SMD", "5V", "", "R", 98.42, 43.31, 0, 90],
		[103, "U2_4", 2.11, -318.79, "B", "SMD", "3V3", "", "R", 92.13, 141.73, 0, 90],
		[104, "USB_0", -167.78, -432.84, "T", "DIP", "GND", "GND", "O", 47.24, 78.74, 62.99, 0],
		[105, "USB_0", -167.78, -432.84, "B", "DIP", "GND", "GND", "O", 47.24, 78.74, 62.99, 0],
		[106, "USB_1", 172.78, -432.84, "T", "DIP", "GND", "GND", "O", 47.24, 78.74, 62.99, 0],
		[107, "USB_1", 172.78, -432.84, "B", "DIP", "GND", "GND", "O", 47.24, 78.74, 62.99, 0],
		[108, "USB_2", 172.78, -597.4, "T", "DIP", "GND", "GND", "O", 47.24, 70.87, 55.12, 0],
		[109, "USB_2", 172.78, -597.4, "B", "DIP", "GND", "GND", "O", 47.24, 70.87, 55.12, 0],
		[110, "USB_3", -167.78, -597.4, "T", "DIP", "GND", "GND", "O", 47.24, 70.87, 55.12, 0],
		[111, "USB_3", -167.78, -597.4, "B", "DIP", "GND", "GND", "O", 47.24, 70.87, 55.12, 0],
		[112, "USB_A1", -129.39, -402.59, "T", "SMD", "GND", "GND", "R", 11.81, 51.18, 0, 0],
		[113, "USB_A12", 134.39, -402.59, "T", "SMD", "GND", "GND", "R", 11.81, 51.18, 0, 0],
		[114, "USB_A4", -97.89, -402.59, "T", "SMD", "5V_USB", "", "R", 11.81, 51.18, 0, 0],
		[115, "USB_A5", -46.71, -402.59, "T", "SMD", "$1N3872", "", "R", 11.81, 51.18, 0, 0],
		[116, "USB_A6", -7.34, -402.59, "T", "SMD", "DP", "", "R", 11.81, 51.18, 0, 0],
		[117, "USB_A7", 12.34, -402.59, "T", "SMD", "DN", "", "R", 11.81, 51.18, 0, 0],
		[118, "USB_A8", 51.7, -402.59, "T", "SMD", "USB_A8", "", "R", 11.81, 51.18, 0, 0],
		[119, "USB_A9", 102.9, -402.59, "T", "SMD", "5V_USB", "", "R", 11.81, 51.18, 0, 0],
		[120, "USB_B1", 122.58, -402.59, "T", "SMD", "GND", "GND", "R", 11.81, 51.18, 0, 0],
		[121, "USB_B12", -117.58, -402.59, "T", "SMD", "GND", "GND", "R", 11.81, 51.18, 0, 0],
		[122, "USB_B4", 91.08, -402.59, "T", "SMD", "5V_USB", "", "R", 11.81, 51.18, 0, 0],
		[123, "USB_B5", 71.4, -402.59, "T", "SMD", "$1N3670", "", "R", 11.81, 51.18, 0, 0],
		[124, "USB_B6", 32.03, -402.59, "T", "SMD", "DP", "", "R", 11.81, 51.18, 0, 0],
		[125, "USB_B7", -27.03, -402.59, "T", "SMD", "DN", "", "R", 11.81, 51.18, 0, 0],
		[126, "USB_B8", -66.4, -402.59, "T", "SMD", "USB_B8", "", "R", 11.81, 51.18, 0, 0],
		[127, "USB_B9", -86.08, -402.59, "T", "SMD", "5V_USB", "", "R", 11.81, 51.18, 0, 0],
		[128, "X1_1", -447, 355, "T", "DIP", "RST", "", "C", 59.05, 59.05, 39.37, 270],
		[129, "X1_1", -447, 355, "B", "DIP", "RST", "", "C", 59.05, 59.05, 39.37, 270],
		[130, "X1_2", -447, 255, "T", "DIP", "4", "", "C", 59.05, 59.05, 39.37, 270],
		[131, "X1_2", -447, 255, "B", "DIP", "4", "", "C", 59.05, 59.05, 39.37, 270],
		[132, "X1_3", -447, 155, "T", "DIP", "5", "", "C", 59.05, 59.05, 39.37, 270],
		[133, "X1_3", -447, 155, "B", "DIP", "5", "", "C", 59.05, 59.05, 39.37, 270],
		[134, "X1_4", -447, 55, "T", "DIP", "0", "", "C", 59.05, 59.05, 39.37, 270],
		[135, "X1_4", -447, 55, "B", "DIP", "0", "", "C", 59.05, 59.05, 39.37, 270],
		[136, "X1_5", -447, -45, "T", "DIP", "1", "", "C", 59.05, 59.05, 39.37, 270],
		[137, "X1_5", -447, -45, "B", "DIP", "1", "", "C", 59.05, 59.05, 39.37, 270],
		[138, "X1_6", -447, -145, "T", "DIP", "6", "", "C", 59.05, 59.05, 39.37, 270],
		[139, "X1_6", -447, -145, "B", "DIP", "6", "", "C", 59.05, 59.05, 39.37, 270],
		[140, "X1_7", -447, -245, "T", "DIP", "7", "", "C", 59.05, 59.05, 39.37, 270],
		[141, "X1_7", -447, -245, "B", "DIP", "7", "", "C", 59.05, 59.05, 39.37, 270],
		[142, "X1_8", -447, -345, "T", "DIP", "3V3", "", "C", 59.05, 59.05, 39.37, 270],
		[143, "X1_8", -447, -345, "B", "DIP", "3V3", "", "C", 59.05, 59.05, 39.37, 270],
		[144, "X2_1", 453, 355, "T", "DIP", "TX0", "", "C", 59.05, 59.05, 39.37, 270],
		[145, "X2_1", 453, 355, "B", "DIP", "TX0", "", "C", 59.05, 59.05, 39.37, 270],
		[146, "X2_2", 453, 255, "T", "DIP", "RX0", "", "C", 59.05, 59.05, 39.37, 270],
		[147, "X2_2", 453, 255, "B", "DIP", "RX0", "", "C", 59.05, 59.05, 39.37, 270],
		[148, "X2_3", 453, 155, "T", "DIP", "23", "", "C", 59.05, 59.05, 39.37, 270],
		[149, "X2_3", 453, 155, "B", "DIP", "23", "", "C", 59.05, 59.05, 39.37, 270],
		[150, "X2_4", 453, 55, "T", "DIP", "22", "", "C", 59.05, 59.05, 39.37, 270],
		[151, "X2_4", 453, 55, "B", "DIP", "22", "", "C", 59.05, 59.05, 39.37, 270],
		[152, "X2_5", 453, -45, "T", "DIP", "19", "", "C", 59.05, 59.05, 39.37, 270],
		[153, "X2_5", 453, -45, "B", "DIP", "19", "", "C", 59.05, 59.05, 39.37, 270],
		[154, "X2_6", 453, -145, "T", "DIP", "18", "", "C", 59.05, 59.05, 39.37, 270],
		[155, "X2_6", 453, -145, "B", "DIP", "18", "", "C", 59.05, 59.05, 39.37, 270],
		[156, "X2_7", 453, -245, "T", "DIP", "GND", "GND", "C", 59.05, 59.05, 39.37, 270],
		[157, "X2_7", 453, -245, "B", "DIP", "GND", "GND", "C", 59.05, 59.05, 39.37, 270],
		[158, "X2_8", 453, -345, "T", "DIP", "5V", "", "C", 59.05, 59.05, 39.37, 270],
		[159, "X2_8", 453, -345, "B", "DIP", "5V", "", "C", 59.05, 59.05, 39.37, 270]
	]
}
}